Time (s),Magnetic Field x (µT),Magnetic Field y (µT),Magnetic Field z (µT),Absolute field (µT)
0.0243285,-2.582885742,-15.2575264,-41.87965393,44.64715919
0.0342745,-2.793731689,-15.32004929,-41.99864197,44.79279824
0.0442205,-2.720550537,-15.3971386,-42.05284119,44.86551821
0.0541655,-2.838058472,-15.69443893,-42.28752136,45.19518174
0.0641115,-3.013397217,-15.70408249,-42.51582336,45.42349619
0.0740575,-2.66305542,-15.60305023,-42.49311829,45.34547543
0.0840035,-2.804656982,-15.72168159,-42.48680115,45.38904763
0.0939495,-2.839187622,-15.71951103,-42.18370056,45.10685764
0.1038945,-2.750106812,-15.68492317,-42.65220642,45.52791029
0.1138405,-2.717132568,-15.74377251,-42.44700623,45.35413454
0.1237865,-2.575454712,-15.73124504,-42.70228577,45.58059069
0.1337325,-2.650146484,-15.73123741,-42.50126648,45.39661617
0.1436785,-2.76210022,-15.81262589,-42.32820129,45.2696914
0.1536245,-2.588287354,-16.11760712,-42.14820862,45.19898207
0.1635695,-2.546844482,-16.06456375,-41.90290833,44.94897498
0.1735155,-2.605148315,-15.97016144,-42.24440002,45.23739811
0.1834615,-2.531066895,-15.69978142,-42.43586731,45.31768165
0.1934075,-2.5809021,-15.77090263,-42.13139343,45.06036771
0.2033535,-2.450561523,-15.46449471,-42.40388489,45.20227098
0.2132985,-2.598434448,-15.6870842,-42.24067688,45.13436889
0.2232445,-2.456481934,-15.84373474,-42.05870056,45.01102673
0.2331905,-2.652282715,-15.78025055,-42.20729065,45.13874494
0.24313575,-2.323303223,-15.73332024,-42.33930969,45.22778182
0.25308175,-2.097686768,-15.99226189,-42.10710144,45.09058352
0.26302775,-1.906936646,-16.08768272,-42.07518005,45.08625865
0.27297275,-2.104034424,-16.10652161,-42.39433289,45.39963061
0.28291875,-1.900024414,-16.02471924,-41.97434998,44.96940933
0.29286475,-2.092391968,-16.09349251,-42.33732605,45.34123711
0.30281075,-2.092391968,-16.09349251,-42.33732605,45.34123711
0.31275675,-1.944900513,-16.01432037,-42.23652649,45.21244591
0.32270175,-2.025512695,-16.03545189,-42.63923645,45.59981254
0.33264775,-1.987075806,-16.05504417,-42.35804749,45.34222205
0.34259375,-1.868789673,-15.97297668,-42.07609558,45.0447131
0.35253975,-1.829330444,-16.06084251,-41.92744446,44.93559514
0.36248575,-1.854751587,-16.13040924,-41.93476868,44.96837811
0.37243175,-1.58152771,-16.19887161,-42.40534973,45.42156269
0.38237675,-1.520187378,-16.2586689,-42.00108337,45.06380242
0.39232275,-1.337402344,-16.21042252,-41.94966125,44.99267188
0.40226875,-1.080596924,-16.40232658,-41.89289856,45.00243279
0.41221475,-1.177536011,-16.28472137,-41.99320984,45.05561468
0.42216075,-0.856369019,-16.31685448,-42.16059875,45.21602808
0.43210575,-0.872695923,-16.15901947,-42.4954071,45.47235571
0.44205175,-1.009597778,-16.1722908,-42.29414368,45.2919073
0.45199775,-1.025421143,-16.01618195,-42.55158997,45.4775481
0.46194375,-1.291152954,-16.16438484,-42.37635803,45.37301107
0.47188975,-1.192443848,-16.02831841,-42.50263977,45.44010674
0.48183575,-1.013305664,-15.93709755,-42.64619446,45.53806944
0.49178075,-1.202560425,-15.8458786,-42.34486389,45.22859182
0.50172675,-1.355316162,-15.77134132,-42.70588684,45.54519579
0.51167275,-1.314712524,-15.82239151,-42.36225891,45.2397781
0.52161875,-1.467071533,-15.93080902,-42.27882385,45.20444581
0.53156475,-1.429702759,-15.99037552,-42.2183075,45.1677058
0.54151075,-1.299346924,-16.05002022,-42.14537048,45.11677853
0.55145575,-1.198547363,-16.16471672,-42.03334045,45.05037505
0.56140175,-1.153518677,-16.15441704,-41.8837738,44.9059718
0.57134775,-0.979934692,-16.1252327,-42.33348083,45.31122379
0.58129375,-1.003936768,-16.11044121,-42.27467346,45.25154385
0.59123975,-1.110122681,-16.21915817,-42.04194641,45.07569991
0.60118475,-0.947433472,-16.22277641,-42.32139587,45.33405622
0.61113075,-0.748214722,-16.46967888,-42.11131287,45.22358698
0.62107675,-0.611114502,-16.46828651,-42.15238953,45.25927379
0.63102275,-0.605728149,-16.55582809,-42.19084167,45.32691774
0.64096875,-0.64414978,-16.51692963,-42.16886902,45.29279642
0.65091475,-0.550186157,-16.66674805,-42.30149841,45.46976977
0.66085975,-0.487884521,-16.79613876,-42.59812927,45.7924549
0.67080575,-0.601638794,-16.85679436,-42.38853455,45.62128172
0.68075175,-0.440185547,-16.91348457,-41.95133972,45.2346618
0.69069775,-0.33265686,-16.96360207,-41.81416321,45.12536649
0.70064375,-0.163146973,-17.04595947,-41.63493347,44.98954363
0.71058875,-0.202651978,-16.97592545,-41.66044617,44.98684127
0.72053475,-0.283248901,-17.17713928,-41.81517029,45.20666776
0.73048075,0.067993164,-17.18130112,-41.81468201,45.20696144
0.74042675,-0.158096313,-17.16958237,-41.96980286,45.34626671
0.75037275,0.031661987,-17.35365295,-41.68901062,45.15665931
0.76031875,-0.204040527,-17.83115387,-41.73454285,45.38462016
0.77026375,-0.169143677,-17.56594658,-41.76094055,45.30526729
0.78020975,0.01083374,-17.37082672,-42.09437561,45.53770082
0.79015575,-0.133514404,-17.3351078,-41.9563446,45.39668095
0.80010175,-0.150924683,-17.53157997,-41.63395691,45.17483196
0.81004775,-0.271972656,-17.36608887,-41.80522156,45.26954342
0.81999275,-0.066879272,-17.21904182,-41.88819885,45.28930423
0.82993875,-0.180358887,-16.91825294,-41.91233826,45.19849456
0.83988475,-0.505249023,-16.77154922,-42.33622742,45.54005151
0.84983075,-0.403793335,-16.89522743,-42.08259583,45.34927376
0.85977675,-0.184814453,-16.66144562,-41.98545837,45.17097122
0.86972275,-0.780593872,-16.48355675,-42.15815735,45.27280863
0.87966775,-1.022979736,-16.54335403,-42.04444885,45.19363594
0.88961375,-0.920776367,-16.61121941,-41.9907074,45.16635858
0.89955975,-0.856201172,-16.40940857,-42.42027283,45.49155215
0.90950575,-1.294494629,-16.39546013,-42.30986023,45.39395446
0.91945175,-1.148040771,-16.57328606,-42.22236633,45.37312009
0.92939675,-1.309265137,-16.74011993,-42.26609802,45.47932313
0.93934275,-1.106582642,-16.79953384,-42.01014709,45.25816304
0.94928875,-0.973556519,-17.07873154,-42.31382751,45.64089046
0.95923475,-1.157058716,-17.30389023,-41.94795227,45.39156421
0.96918075,-1.114471436,-17.48682594,-41.8249054,45.34703782
0.97912675,-0.997772217,-17.67728424,-41.58299255,45.19543337
0.98907175,-0.911651611,-17.88122559,-41.53746033,45.23195715
0.99901775,-0.978561401,-17.95670128,-41.77937317,45.48534627
1.00896375,-0.765182495,-18.23717499,-41.50794983,45.34412812
1.01890975,-0.648757935,-18.16306305,-41.3585968,45.17578196
1.02885575,-0.981765747,-18.2186451,-41.31581116,45.16502125
1.03880075,-1.168029785,-18.10228157,-41.27394104,45.08431103
1.04874675,-1.356292725,-17.94547462,-41.45735168,45.19503953
1.05869275,-1.415496826,-17.88009453,-41.69926453,45.39306195
1.06863875,-1.494064331,-17.95461082,-41.43534851,45.18283285
1.07858475,-1.417678833,-17.97383308,-41.64271545,45.37823531
1.08853075,-1.534103394,-17.88522911,-41.52079773,45.23506978
1.09847575,-1.389160156,-18.03308487,-41.45951843,45.23288167
1.10842175,-1.756759644,-18.0020504,-41.80479431,45.54998189
1.11836775,-1.590927124,-18.06736946,-41.50312805,45.29316203
1.12831375,-1.567489624,-18.0855999,-41.61683655,45.40382177
1.13825975,-1.710952759,-18.37620926,-41.48008728,45.40055139
1.14820475,-1.572814941,-18.48559761,-41.67778015,45.62048251
1.15815075,-1.518661499,-18.22363663,-41.72233582,45.55393035
1.16809675,-1.536148071,-17.75606155,-41.86915588,45.50454579
1.17804275,-1.16947937,-18.11609268,-42.06388855,45.81409408
1.18798875,-1.234619141,-18.23018646,-41.75737,45.58006068
1.19793475,-1.040786743,-17.94947815,-41.65892029,45.37325911
1.20787975,-0.91444397,-18.18309402,-41.61332703,45.42169198
1.21782575,-0.968490601,-18.12510872,-41.72718811,45.50401925
1.22777175,-0.870010376,-18.07488632,-41.80091858,45.54970063
1.237721542,-0.792114258,-18.01050949,-41.94483948,45.65496091
1.247667542,-0.547164917,-18.13300323,-41.75956726,45.52984355
1.257612542,-0.759155273,-18.240839,-41.43864441,45.28206902
1.267558542,-1.004180908,-18.28254509,-41.82121277,45.65384619
1.277504542,-1.004180908,-18.28254509,-41.82121277,45.65384619
1.287450542,-1.096237183,-18.17942619,-41.87840271,45.667208
1.297396542,-1.057174683,-17.84031487,-41.82246399,45.4809075
1.307342542,-1.135696411,-17.72317886,-41.87739563,45.48754929
1.317287542,-0.858840942,-17.65342522,-41.91889954,45.49258366
1.327233542,-0.938491821,-17.53025246,-41.86317444,45.39510868
1.337179542,-1.062210083,-17.49748993,-41.97123718,45.48488974
1.347125542,-1.100509644,-17.48457336,-42.00456238,45.5115885
1.357071542,-1.130996704,-17.39144135,-42.16285706,45.6228879
1.367017542,-1.276748657,-17.13750076,-42.21601868,45.57977899
1.376962542,-1.471801758,-17.04809952,-42.0138092,45.36478878
1.386908542,-1.814712524,-17.06274796,-41.63392639,45.03125999
1.396854542,-1.629211426,-17.06210327,-42.10212708,45.45721947
1.406800542,-1.639694214,-16.79511261,-41.75727844,45.03814725
1.416746542,-1.599365234,-16.73636055,-41.85820007,45.10845427
1.426691542,-1.633712769,-16.67175102,-41.69868469,44.93769692
1.436637542,-1.549072266,-16.63277435,-42.15205383,45.34142091
1.446583542,-1.32321167,-16.64130783,-42.0839386,45.2740754
1.456529542,-1.14201355,-16.51642418,-42.38346863,45.50225132
1.466475542,-1.116546631,-16.58052063,-42.47721863,45.61221813
1.476421542,-0.866638184,-16.71981049,-42.05540466,45.26544141
1.486366542,-1.003601074,-16.76475906,-42.24238586,45.45859132
1.496312542,-0.947052002,-16.64266396,-42.28514099,45.45226419
1.506258542,-1.048828125,-16.50261879,-42.3367157,45.45144622
1.516204542,-0.52456665,-16.61175346,-42.77534485,45.89069241
1.526150542,-0.30619812,-16.54399109,-42.34230042,45.46061815
1.536095542,-0.626174927,-16.56459236,-42.76948547,45.86945283
1.546041542,-0.742904663,-16.34915543,-42.36695862,45.41812384
1.555987542,-0.844833374,-16.32861137,-42.27613831,45.3277968
1.565933542,-0.974655151,-16.66181564,-42.47975159,45.64093939
1.575879542,-1.0365448,-16.63314438,-42.69645691,45.83364866
1.585824542,-0.95401001,-16.60300064,-42.39524841,45.54038706
1.595770542,-0.983947754,-16.68297195,-41.84620667,45.05990145
1.605716542,-1.335250854,-16.53535461,-42.23814392,45.37908823
1.615662542,-1.398452759,-16.68787575,-42.25099182,45.4487313
1.625608542,-1.296524048,-16.64722061,-42.18592834,45.37029291
1.635554542,-1.426513672,-16.45970535,-42.14823914,45.27064064
1.645499542,-1.429718018,-16.692173,-41.98121643,45.20061135
1.655445542,-1.592285156,-16.77673912,-41.88200378,45.14528313
1.665391542,-1.606002808,-16.97220039,-41.83958435,45.17948262
1.675337542,-1.59286499,-17.0059433,-41.65586853,45.02166933
1.685283542,-1.613708496,-17.23869133,-42.04008484,45.46586926
1.695228542,-1.549743652,-17.254076,-41.77156067,45.22132378
1.705174542,-1.236877441,-16.93524361,-41.85798645,45.17104572
1.715120542,-1.472885132,-17.25178719,-41.64945984,45.1051112
1.725066542,-1.269515991,-17.22633171,-41.91203308,45.33185075
1.735012542,-1.05329895,-17.26563263,-41.96238708,45.38781156
1.744958542,-1.01789856,-17.17630386,-41.79826355,45.20128723
1.754903542,-1.03755188,-17.09731483,-41.83442688,45.20524263
1.764849542,-1.076751709,-16.88119507,-41.48616028,44.80218338
1.774795542,-0.911819458,-16.7306118,-42.33030701,45.52581331
1.784741542,-1.063156128,-16.76792145,-42.16358948,45.38790333
1.794687542,-1.014678955,-16.90731621,-42.19096375,45.46387947
1.804632542,-0.934143066,-16.97023964,-41.89830017,45.21425897
1.814578542,-1.000076294,-16.94799995,-42.29496765,45.57520317
1.824524542,-0.681625366,-16.97715759,-42.05601501,45.35853715
1.834470542,-0.712783813,-16.94844055,-42.11512756,45.40310196
1.844416542,-0.647735596,-16.68832588,-42.09022522,45.28252247
1.854362542,-0.59664917,-17.06062889,-42.17771912,45.50143996
1.864307542,-0.821090698,-17.03674316,-42.20814514,45.52419493
1.874253542,-0.653045654,-17.03424644,-41.97947693,45.30859194
1.884199542,-0.735687256,-17.07949257,-41.92710876,45.27839166
1.894145542,-0.750701904,-16.84769821,-42.1559906,45.40414113
1.904091542,-0.418457031,-16.50881577,-42.01808167,45.14681928
1.914036542,-0.419403076,-16.53925514,-42.14683533,45.27779354
1.923982542,-0.788650513,-16.48129845,-42.27882385,45.38451404
1.933928542,-0.645492554,-16.1826458,-42.2419281,45.24019424
1.943874542,-0.55619812,-16.26428032,-42.71165466,45.70690992
1.953820542,-0.656463623,-15.94182587,-42.40440369,45.30680091
1.963766542,-0.626647949,-15.90368271,-42.35700989,45.24860327
1.973711542,-1.092712402,-15.8010006,-42.45307922,45.31147289
1.983657542,-1.106781006,-15.90420914,-42.41453552,45.31182689
1.993603542,-1.189422607,-15.87417984,-42.46128845,45.34716451
2.003549542,-1.303207397,-15.79623985,-42.52879333,45.38631738
2.013495542,-1.736709595,-16.04457664,-42.23420715,45.21252983
2.023440542,-1.877243042,-15.91970634,-42.38606262,45.31599493
2.033386542,-1.933273315,-15.9323082,-41.98783875,44.95057945
2.043332542,-2.217971802,-16.23462105,-42.0849762,45.16223578
2.053278542,-2.401367188,-16.06368828,-42.05961609,45.08680462
2.063224542,-2.75769043,-16.51726341,-42.24720764,45.44503714
2.073169542,-2.819625854,-16.6035862,-41.72218323,44.99299876
2.083115542,-3.143707275,-16.70302773,-41.93040466,45.24414731
2.093061542,-3.382324219,-16.62682915,-41.83027649,45.14048732
2.103007542,-3.30670166,-16.8624115,-41.57606506,44.98715799
2.112953542,-3.362533569,-16.8881321,-41.62174988,45.04315376
2.122899542,-3.579711914,-16.82026291,-41.48426819,44.90746139
2.132844542,-3.501205444,-17.02098083,-41.43669128,44.93296799
2.142790542,-3.874298096,-17.04986763,-42.14775085,45.63048404
2.152736542,-3.629867554,-16.57245827,-42.10227966,45.39189646
2.162682542,-3.851364136,-16.63327789,-41.91477966,45.25867534
2.172628542,-3.889343262,-16.4340477,-41.69276428,44.98323586
2.182573542,-3.987991333,-16.33743477,-41.72273254,44.98446688
2.192519542,-3.809814453,-15.76358223,-41.88786316,44.9176835
2.202465542,-3.94178772,-15.58225822,-42.11265564,45.0757166
2.212411542,-4.071670532,-15.41463661,-42.15879822,45.07276106
2.222357542,-4.255233765,-15.22722626,-42.16465759,45.03147548
2.232303542,-4.494216919,-15.05955315,-42.38679504,45.20650972
2.24224475,-4.741989136,-14.91492081,-42.45249939,45.24550837
2.25219075,-4.74710083,-14.75309181,-42.23603821,44.98968335
2.26213675,-4.74710083,-14.75309181,-42.23603821,44.98968335
2.27208275,-4.932128906,-14.70259094,-42.66825867,45.39903494
2.28202875,-5.33782959,-14.7935791,-42.88731384,45.68001856
2.29197375,-5.688980103,-14.64306068,-42.52497864,45.33384529
2.30191975,-5.660003662,-15.03633881,-42.50544739,45.44051258
2.31186575,-5.535827637,-15.29319954,-42.83357239,45.81748862
2.32181175,-5.488601685,-15.1381073,-42.65406799,45.59228616
2.33175775,-5.564712524,-15.34521866,-42.71714783,45.72960179
2.34170375,-5.510894775,-15.23245621,-42.49571228,45.47838218
2.35164875,-5.507369995,-15.39972115,-42.1749115,45.2350052
2.36159475,-5.612258911,-15.41752625,-42.35316467,45.42012906
2.37154075,-5.684890747,-15.48758698,-42.39781189,45.49459074
2.38148675,-5.337265015,-15.72651291,-42.50538635,45.6346083
2.39143275,-5.388076782,-15.83669281,-42.40193176,45.58240919
2.40137775,-5.371566772,-15.94865608,-42.35890198,45.57949031
2.41132375,-5.599639893,-16.56239891,-41.90757751,45.40830406
2.42126975,-5.541473389,-16.68992996,-42.02183533,45.55322528
2.43121575,-5.344650269,-17.03837967,-41.579422,45.25174032
2.44116175,-5.426055908,-16.81280136,-41.60429382,45.19988536
2.45110675,-5.365356445,-16.6260891,-41.57795715,45.09922848
2.46105275,-5.522293091,-16.82055664,-41.83479309,45.4266085
2.47099875,-5.292510986,-17.10541153,-41.78642273,45.46109216
2.48094475,-5.291824341,-17.2536068,-41.91133118,45.63167796
2.49089075,-5.309143066,-16.949049,-41.93717957,45.54321346
2.50083675,-5.292373657,-17.17762375,-41.90031433,45.59294153
2.51078175,-5.301940918,-17.25649643,-41.70613098,45.44555653
2.52072775,-5.834823608,-17.19488144,-41.58589172,45.37725757
2.53067375,-5.888580322,-17.36431313,-41.74989319,45.59877553
2.54061975,-6.514862061,-17.20528412,-41.83491516,45.70148089
2.55056575,-6.839736938,-17.28072166,-41.692276,45.64702861
2.56051075,-7.101516724,-17.53183174,-41.40202332,45.51839407
2.57045675,-7.140151978,-17.80474472,-41.40174866,45.62998462
2.58040275,-7.491378784,-17.71345901,-41.39021301,45.64030148
2.59034875,-7.276275635,-18.09680748,-41.00318909,45.40594833
2.60029475,-7.275894165,-18.34983826,-40.85594177,45.37469755
2.61024075,-7.222320557,-18.38084221,-41.13502502,45.63011679
2.62018575,-7.027526855,-18.34401512,-41.13066101,45.58092035
2.63013175,-6.782623291,-18.56687546,-40.98817444,45.50564016
2.64007775,-6.694122314,-18.50238991,-40.92002869,45.40482853
2.65002375,-6.49029541,-18.48462486,-41.20143127,45.62195995
2.65996975,-6.618652344,-18.26331329,-41.12413025,45.48130671
2.66991475,-6.762832642,-18.17868996,-41.16722107,45.50759019
2.67986075,-7.153610229,-17.87576675,-41.44792175,45.701722
2.68980675,-7.535919189,-17.77783966,-41.28657532,45.5787556
2.69975275,-8.014022827,-17.38722992,-41.21159363,45.4415644
2.70969875,-8.380828857,-17.00093269,-41.06019592,45.22399467
2.71964475,-8.619552612,-16.67901039,-41.12406921,45.20702538
2.72958975,-8.943527222,-16.63917351,-41.50401306,45.60078809
2.73953575,-9.257553101,-16.49478149,-41.19261169,45.32782108
2.74948175,-9.390182495,-16.54042435,-41.05088806,45.24308318
2.75942775,-9.091003418,-16.52465057,-41.34111023,45.44004638
2.76937375,-9.107498169,-16.59158516,-41.36317444,45.48779419
2.77931875,-9.075653076,-16.6081028,-41.23658752,45.37237825
2.78926475,-8.808853149,-16.71015167,-41.25880432,45.37746133
2.79921075,-8.548339844,-16.93773651,-41.72557068,45.83649507
2.80915675,-8.562149048,-17.00972557,-41.84104919,45.97080115
2.81910275,-8.364761353,-16.81525612,-41.83451843,45.85683159
2.82904775,-7.98815918,-17.03557968,-41.94508362,45.97185772
2.83899375,-7.941253662,-16.99505424,-41.78846741,45.8058008
2.84893975,-7.763839722,-16.84944916,-41.61460876,45.562669
2.85888575,-7.493301392,-16.90262985,-41.67280579,45.59025339
2.86883175,-7.348205566,-17.04278564,-41.335495,45.31087964
2.87877775,-6.9793396,-17.12140465,-41.7900238,45.69748098
2.88872275,-6.952011108,-17.14513397,-41.49488831,45.43249754
2.89866875,-6.711090088,-17.33401108,-41.48762512,45.46129902
2.90861475,-6.464187622,-17.60136032,-41.46955872,45.51173373
2.91856075,-6.508682251,-17.33236313,-41.11882019,45.09469071
2.92850675,-6.459014893,-17.61888123,-41.33677673,45.39683865
2.93845175,-6.57963562,-17.59101486,-41.48417664,45.53759238
2.94839775,-6.386917114,-17.75781631,-41.457901,45.55096383
2.95834375,-6.378799438,-17.70104218,-41.22358704,45.31445801
2.96828975,-6.399963379,-17.67199135,-41.38771057,45.45548807
2.97823575,-5.905853271,-17.8932209,-41.29692078,45.39253378
2.98818175,-5.771011353,-18.04276085,-41.36100769,45.49262301
2.99812675,-5.739532471,-17.67435646,-41.39033508,45.3705295
3.00807275,-5.743209839,-17.86993408,-41.48124695,45.53035089
3.01801875,-5.663284302,-17.80660248,-41.58833313,45.593172
3.02796475,-5.683883667,-17.76597023,-41.60487366,45.59497498
3.03791075,-5.839477539,-17.93711853,-41.44920349,45.5398308
3.04785575,-5.95451355,-17.70517731,-41.39323425,45.41287678
3.05780175,-5.699966431,-17.71417999,-41.04399109,45.06540796
3.06774775,-6.074829102,-17.4965992,-41.34065247,45.29993464
3.07769375,-6.21522522,-17.39749336,-41.36946106,45.3071088
3.08763975,-5.985412598,-17.68575287,-41.01954651,45.06899393
3.09758475,-5.975784302,-17.81728745,-41.10243225,45.19486328
3.10753075,-5.712631226,-17.54466629,-41.00221252,44.96255
3.11747675,-5.593948364,-17.44935799,-40.86274719,44.78321628
3.12742275,-5.575637817,-17.36381149,-41.37043762,45.21175506
3.13736875,-5.909439087,-17.34630775,-41.38996887,45.26527793
3.14731375,-5.460327148,-17.20051003,-41.54362488,45.29398951
3.15725975,-5.769973755,-17.28533363,-41.42027283,45.25167795
3.16720575,-5.751281738,-17.35717773,-41.53514099,45.38189945
3.17715175,-5.732925415,-17.14385986,-41.60386658,45.36143824
3.18709775,-5.44934082,-17.07975388,-41.5778656,45.27838575
3.19704375,-5.492797852,-17.1465435,-41.6158905,45.34376611
3.20698875,-5.707443237,-17.12271881,-41.63511658,45.37890854
3.21693475,-5.883483887,-17.00999832,-41.61201477,45.33778996
3.22688075,-5.785583496,-17.0607357,-41.89225769,45.60156723
3.236826167,-5.841491699,-17.25061798,-41.76908875,45.56713312
3.246772167,-5.841491699,-17.25061798,-41.76908875,45.56713312
3.256717167,-5.817810059,-17.24248314,-41.36412048,45.19004981
3.266663167,-5.856521606,-16.90199089,-40.98130798,44.71514
3.276609167,-5.745315552,-17.07489395,-40.94221497,44.73058932
3.286555167,-5.682998657,-17.09086418,-41.00068665,44.78225561
3.296501167,-5.848236084,-17.19560814,-40.84733582,44.70341875
3.306447167,-5.826507568,-16.938797,-41.04551697,44.78398706
3.316392167,-5.645721436,-17.1483326,-41.24101257,45.01955797
3.326338167,-5.906890869,-17.21886253,-41.17164612,45.01649732
3.336284167,-5.700759888,-17.26952171,-41.25428772,45.08493428
3.346230167,-5.595077515,-17.19585991,-41.34660339,45.12808552
3.356176167,-5.471405029,-16.66354561,-41.41539001,44.97604424
3.366121167,-5.387313843,-16.73786354,-41.64289856,45.20298914
3.376067167,-5.606185913,-16.54118538,-41.71632385,45.22490254
3.386013167,-5.627716064,-16.83767509,-41.47972107,45.11923925
3.395959167,-5.87210083,-16.85156441,-41.48118591,45.15689954
3.405905167,-5.830383301,-17.01296997,-41.3646698,45.10510419
3.415850167,-5.885986328,-16.97045517,-41.56843567,45.28328641
3.425796167,-5.95300293,-16.89705086,-41.25410461,44.97610164
3.435742167,-6.060455322,-16.94599915,-41.04856873,44.82054217
3.445688167,-6.019515991,-16.83196259,-41.04270935,44.76665643
3.455634167,-6.146835327,-16.84989548,-41.21199036,44.94586423
3.465580167,-5.704772949,-16.96276093,-41.14054871,44.86451204
3.475525167,-5.744842529,-16.80620193,-40.92948914,44.61697794
3.485471167,-5.927383423,-16.81915855,-41.26872253,44.95692859
3.495417167,-5.786026001,-16.90116882,-40.75465393,44.49797098
3.505363167,-5.757278442,-16.7872963,-41.36155701,45.00819892
3.515309167,-5.617950439,-16.85214806,-41.10209656,44.77654076
3.525254167,-5.719970703,-16.8789463,-41.06190491,44.76267338
3.535200167,-5.803817749,-17.07652092,-40.79188538,44.6012307
3.545146167,-5.931716919,-16.92660522,-40.86726379,44.62990567
3.555092167,-6.037353516,-17.042099,-40.86991882,44.69041329
3.565038167,-5.800430298,-17.04761505,-40.59040833,44.40548861
3.574983167,-5.735488892,-16.98814201,-40.95655823,44.70942254
3.584929167,-5.916442871,-17.11060143,-41.33839417,45.1291459
3.594875167,-6.030014038,-17.20444489,-41.06715393,44.93178302
3.604821167,-5.796539307,-17.22869682,-41.30747986,45.13020889
3.614767167,-5.862289429,-17.22294807,-41.26118469,45.09414308
3.624713167,-5.936416626,-17.45899773,-41.29057312,45.22133426
3.634658167,-5.94694519,-17.37396622,-41.4563446,45.34147513
3.644604167,-6.091400146,-17.37822342,-41.33958435,45.25559677
3.654550167,-6.003738403,-17.38842964,-41.22666931,45.14466328
3.664496167,-6.107131958,-17.58857536,-41.59861755,45.57521285
3.674442167,-6.297988892,-17.36598015,-41.28868103,45.23269959
3.684387167,-6.246231079,-17.50367928,-41.36747742,45.35043968
3.694333167,-6.244903564,-17.46159935,-41.69621277,45.63420243
3.704279167,-6.147201538,-17.34458923,-41.63801575,45.52304052
3.714225167,-6.498046875,-17.53199768,-41.09492493,45.14851504
3.724171167,-6.418258667,-17.58699608,-40.81971741,44.90819307
3.734116167,-6.277938843,-17.72877121,-40.85771179,44.9786
3.744062167,-6.220275879,-17.79655457,-41.57841492,45.65275209
3.754008167,-6.220489502,-17.81141472,-41.46839905,45.55841419
3.763954167,-6.103439331,-17.5436058,-41.45457458,45.42589383
3.773900167,-6.09866333,-17.63061142,-41.46766663,45.47086462
3.783846167,-6.04460144,-17.65793991,-41.50901794,45.51196128
3.793791167,-6.171127319,-17.75385284,-41.59544373,45.64496732
3.803737167,-5.800689697,-17.62804413,-41.14189148,45.13370332
3.813683167,-6.074386597,-17.55182648,-41.25706482,45.24500174
3.823629167,-5.801757813,-17.49769211,-41.44129944,45.3564871
3.833575167,-5.651809692,-17.34666443,-41.68357849,45.50132345
3.843520167,-5.47984314,-17.2359581,-41.4683075,45.24077209
3.853466167,-5.727813721,-17.34064865,-41.11103821,44.98470194
3.863412167,-5.64692688,-17.05632591,-41.34303284,45.0782919
3.873358167,-5.503814697,-17.12380791,-41.26701355,45.01647677
3.883304167,-5.642745972,-16.99097443,-41.38539124,45.09195496
3.893249167,-5.722732544,-16.90730095,-41.57582092,45.2455012
3.903195167,-5.851104736,-16.91444397,-41.48103333,45.1775383
3.913141167,-5.743911743,-16.83775139,-41.22053528,44.895823
3.923087167,-5.798416138,-17.1486969,-41.32472229,45.1157634
3.933033167,-5.626037598,-17.12662697,-41.25663757,45.02314732
3.942979167,-5.870056152,-17.19838524,-41.49702454,45.30171144
3.952924167,-5.754058838,-17.14669609,-41.53404236,45.30115953
3.962870167,-5.844100952,-17.18482971,-41.46412659,45.26307194
3.972816167,-5.820648193,-17.26408195,-41.66734314,45.47632302
3.982762167,-5.572845459,-17.02110672,-41.61872864,45.30886507
3.992708167,-5.605865479,-16.83215141,-41.63545227,45.25768371
4.002653167,-5.475311279,-17.0697422,-41.10368347,44.84270205
4.012599167,-5.455307007,-17.24682808,-41.37666321,45.15796399
4.022545167,-5.692123413,-17.18549156,-41.41255188,45.19669061
4.032491167,-5.746856689,-17.20679855,-41.48265076,45.27593833
4.042437167,-5.710464478,-17.13060951,-41.87675476,45.60405438
4.052382167,-5.69720459,-16.9242382,-41.66584778,45.33134512
4.062328167,-5.473419189,-16.97337532,-41.46528625,45.1378306
4.072274167,-5.490615845,-17.00171471,-41.40492249,45.09515241
4.082220167,-5.667022705,-16.9740963,-41.43013,45.12971043
4.092166167,-5.790283203,-16.98710632,-41.60084534,45.30694752
4.102112167,-5.835769653,-17.10064697,-41.56636047,45.32384204
4.112057167,-5.936340332,-17.08010674,-41.61808777,45.37659542
4.122003167,-5.958053589,-17.19941139,-41.42643738,45.24895434
4.131949167,-6.018753052,-17.0305481,-41.36869812,45.14016106
4.141895167,-5.989715576,-16.96172523,-41.06910706,44.8357934
4.151841167,-6.261230469,-17.02433586,-41.66810608,45.44515467
4.161786167,-6.174331665,-17.17271042,-41.54893494,45.37993333
4.171732167,-6.316177368,-16.90445518,-41.45585632,45.21330252
4.181678167,-6.167404175,-17.00673676,-41.87330627,45.61403016
4.191624167,-6.125213623,-16.72143364,-41.79881287,45.43418693
4.201570167,-6.204818726,-17.09197044,-41.48988342,45.29951054
4.211515167,-6.43347168,-16.78542709,-41.56428528,45.28498572
4.221461167,-6.43347168,-16.78542709,-41.56428528,45.28498572
4.231407167,-6.403686523,-16.53985596,-41.38551331,45.02593417
4.2413535,-6.227310181,-16.4153614,-41.53767395,45.09569646
4.2512995,-6.264373779,-16.44920158,-41.47816467,45.05837055
4.2612445,-6.405731201,-16.71766281,-41.60722351,45.29541578
4.2711905,-6.643371582,-16.59150124,-41.80357361,45.46373352
4.2811365,-6.258575439,-16.62439728,-41.73164368,45.35493838
4.2910825,-6.400390625,-16.64660835,-41.88206482,45.52122498
4.3010285,-6.553329468,-16.54866028,-41.67735291,45.31893676
4.3109745,-6.670150757,-16.55273438,-41.58607483,45.25356943
4.3209195,-6.486801147,-16.3893795,-41.59236145,45.17316549
4.3308655,-6.430297852,-16.40276146,-41.59614563,45.17342853
4.3408115,-6.531143188,-16.65877342,-41.60871887,45.29300221
4.3507575,-6.467498779,-16.71439934,-41.59416199,45.29099245
4.3607035,-6.292236328,-16.84420586,-41.56416321,45.2868543
4.3706485,-6.608322144,-16.81522751,-41.33525085,45.11124872
4.3805945,-6.681045532,-16.65142822,-41.01368713,44.76638207
4.3905405,-6.966995239,-16.57896042,-41.27061462,45.01849156
4.4004865,-6.707168579,-16.66212463,-41.13734436,44.8875663
4.4104325,-6.742858887,-16.70159912,-41.32435608,45.07895257
4.4203775,-6.538192749,-16.52046204,-41.29924011,44.9588797
4.4303235,-6.475357056,-16.46191216,-41.41740417,45.03694227
4.4402695,-6.591552734,-16.67533493,-41.25813293,44.98609669
4.4502155,-6.763671875,-16.73382759,-40.79795837,44.61212448
4.4601615,-6.49760437,-16.55941391,-41.29023743,44.95905647
4.4701075,-6.508285522,-16.71653366,-41.1592865,44.89863186
4.4800525,-6.657958984,-16.75903511,-41.46131897,45.21321318
4.4899985,-6.514190674,-16.65954781,-41.32307434,45.02856522
4.4999445,-6.739639282,-16.8799324,-41.23643494,45.06438086
4.5098905,-6.788711548,-16.95707512,-41.25489807,45.11757547
4.5198365,-6.893997192,-16.82535553,-41.53627014,45.34182973
4.5297815,-6.633514404,-17.00447273,-41.47361755,45.31243272
4.5397275,-6.864944458,-16.88039207,-41.35313416,45.19022907
4.5496735,-6.784942627,-16.95887756,-41.35823059,45.21219097
4.5596195,-6.584533691,-16.78032684,-41.46803284,45.21651469
4.5695655,-6.541061401,-16.75457382,-41.64433289,45.36244801
4.5795105,-6.623428345,-16.74937248,-41.73365784,45.45447699
4.5894565,-6.555679321,-16.75918961,-41.51078796,45.24370547
4.5994025,-6.711807251,-16.7660675,-41.55085754,45.30588415
4.6093485,-6.836212158,-16.43032646,-41.57112122,45.21999053
4.6192945,-6.643035889,-16.50260544,-41.81642151,45.44314052
4.6292395,-6.526702881,-16.52137566,-41.56568909,45.20243592
4.6391855,-6.721679688,-16.51163101,-41.64546204,45.30076649
4.6491315,-6.568786621,-16.34301186,-41.62425232,45.19758152
4.6590775,-6.363235474,-16.32344627,-41.85719299,45.37587761
4.6690235,-6.091049194,-16.56912041,-42.15745544,45.70435079
4.6789695,-6.207489014,-16.67673492,-41.87812805,45.50191223
4.6889145,-6.170532227,-16.58603096,-41.41511536,45.03758065
4.6988605,-6.125595093,-16.51832008,-41.57933044,45.15770736
4.7088065,-6.094787598,-16.36101723,-41.59233093,45.1082178
4.7187525,-6.230514526,-16.49157906,-41.27171326,44.8792358
4.7286985,-6.160720825,-16.51157761,-41.48768616,45.07565617
4.7386435,-6.08543396,-16.53246498,-41.17729187,44.78754593
4.7485895,-6.108535767,-16.41139221,-41.25782776,44.82026723
4.7585355,-6.310943604,-16.47794914,-41.78559875,45.35842899
4.7684815,-6.43397522,-16.38899803,-41.69612122,45.26104084
4.7784275,-6.378860474,-16.44686317,-41.42915344,45.02847903
4.7883725,-6.193664551,-16.56099701,-41.45875549,45.0716819
4.7983185,-6.094650269,-16.6461277,-41.47776794,45.10702343
4.8082645,-6.093414307,-16.47516823,-41.34117126,44.91829591
4.8182105,-6.153564453,-16.2941761,-41.71287537,45.2032134
4.8281565,-6.048980713,-16.55797386,-41.69761658,45.27082829
4.8381025,-6.397003174,-16.15238953,-41.76271057,45.2321272
4.8480475,-6.264923096,-16.26327705,-41.60319519,45.10620015
4.8579935,-6.381408691,-16.2524395,-41.6889801,45.19773477
4.8679395,-6.23815918,-16.43756866,-41.70420837,45.25869297
4.8778855,-6.111709595,-16.45294571,-41.81239319,45.34675998
4.8878315,-6.010284424,-16.22500801,-41.7900238,45.23030503
4.8977765,-5.957702637,-16.49770164,-41.74443054,45.27986155
4.9077225,-5.907440186,-16.57569504,-41.61820984,45.18547229
4.9176685,-5.818069458,-16.82918167,-41.63844299,45.28610408
4.9276145,-5.889434814,-16.92679214,-41.50059509,45.20510068
4.9375605,-5.935958862,-16.77029991,-41.50196838,45.15409114
4.9475055,-6.120727539,-16.58036041,-41.45191956,45.06254866
4.9574515,-6.059799194,-16.69869804,-41.47135925,45.11586551
4.9673975,-6.032821655,-16.53376198,-41.22148132,44.82154331
4.9773435,-6.108383179,-16.61000633,-41.48466492,45.10190771
4.9872895,-6.052566528,-16.39023399,-41.38581848,44.92281495
4.9972345,-6.157928467,-16.40370369,-41.46748352,45.01726077
5.0071805,-6.244598389,-16.56354713,-41.36784363,44.99605082
5.0171265,-5.848937988,-16.4930687,-41.61280823,45.14263173
5.0270725,-5.754760742,-16.68619919,-41.28239441,44.89746766
5.0370185,-6.057220459,-16.524189,-41.36619568,44.95443122
5.0469645,-5.905014038,-16.47480583,-41.30046082,44.8555067
5.0569095,-5.856109619,-16.64570999,-41.63731384,45.22211389
5.0668555,-6.045700073,-16.67416763,-41.1716156,44.8294578
5.0768015,-6.046783447,-16.57380676,-41.54252625,45.13353684
5.0867475,-5.947891235,-16.71755219,-41.45005798,45.08837176
5.0966935,-5.781784058,-16.48384857,-41.4415741,44.97277348
5.1066385,-5.98550415,-16.32674217,-41.61958313,45.10630189
5.1165845,-5.848007202,-16.53625107,-41.87376404,45.39888658
5.1265305,-5.894104004,-16.67835999,-41.61598206,45.21944401
5.1364765,-5.848724365,-16.62854195,-41.7514801,45.31999641
5.1464225,-5.747436523,-16.57639694,-41.33531189,44.90454288
5.1563675,-5.720077515,-16.72670555,-41.12055969,44.75938332
5.1663135,-5.701965332,-16.6274662,-41.13148499,44.73012517
5.1762595,-5.701156616,-16.66775322,-41.35652161,44.95196396
5.1862055,-5.695770264,-16.54518127,-41.35322571,44.90294087
5.1961515,-5.754058838,-16.47165298,-41.07176208,44.62414353
5.2060965,-5.754058838,-16.47165298,-41.07176208,44.62414353
5.2160425,-5.643936157,-16.5462532,-41.31306458,44.85980177
5.2259885,-5.796981812,-16.38469696,-41.65788269,45.13803809
5.2359345,-5.763015747,-16.25218582,-41.61656189,45.04757616
5.245879917,-5.724746704,-16.49652863,-41.82945251,45.32782015
5.255825917,-5.744491577,-16.44822311,-41.6988678,45.19224273
5.265770917,-5.746185303,-16.38612747,-41.50648499,44.99235618
5.275716917,-5.881973267,-16.44566345,-41.27909851,44.82210872
5.285662917,-5.674301147,-16.58326149,-41.71476746,45.24736544
5.295608917,-5.878295898,-16.74847031,-41.92201233,45.52494633
5.305554917,-5.764511108,-16.52802658,-41.92488098,45.43237718
5.315499917,-6.0650177,-16.52406883,-41.70991516,45.27191528
5.325445917,-6.050125122,-16.2236805,-41.53474426,44.99940893
5.335391917,-5.696609497,-16.36890793,-41.4105072,44.89123092
5.345337917,-5.744567871,-16.44600296,-41.53889465,45.04387686
5.355283917,-5.992889404,-16.28750229,-41.38774109,44.87919971
5.365228917,-6.055480957,-16.52293205,-41.72843933,45.28729162
5.375174917,-6.158416748,-16.43549919,-41.59346008,45.14496264
5.385120917,-6.248031616,-16.45185471,-41.90211487,45.44764738
5.395066917,-6.103668213,-16.57526588,-41.78041077,45.36074215
5.405012917,-6.095855713,-16.43550491,-41.51774597,45.06671176
5.414957917,-6.182403564,-16.6833744,-41.49864197,45.1519034
5.424903917,-6.397903442,-16.47840118,-41.55290222,45.15655608
5.434849917,-6.079238892,-16.56152344,-41.539505,45.13060691
5.444795917,-5.808425903,-16.45946121,-41.54985046,45.06708054
5.454741917,-6.046081543,-16.62892151,-41.72819519,45.32458942
5.464686917,-6.132247925,-16.74965477,-41.4526825,45.12737845
5.474632917,-6.16859436,-16.63768768,-41.5861969,45.21367028
5.484578917,-5.99961853,-16.69955635,-41.2091217,44.86716301
5.494524917,-6.00730896,-16.75415993,-41.13844299,44.82366705
5.504470917,-6.034698486,-16.83748817,-41.57582092,45.25999867
5.514415917,-5.749053955,-17.22632217,-41.51396179,45.31232526
5.524361917,-6.007385254,-16.84300804,-41.85115051,45.51147544
5.534307917,-6.02520752,-16.74309349,-41.63304138,45.27631213
5.544253917,-5.725097656,-16.92662239,-41.74711609,45.41045023
5.554199917,-5.882583618,-17.12786102,-41.70457458,45.46691055
5.564145917,-5.938079834,-16.97026443,-41.85868835,45.55656328
5.574090917,-5.928009033,-16.91741943,-41.54408264,45.2465598
5.584036917,-5.914779663,-16.82557487,-41.76576233,45.41435336
5.593982917,-5.890808105,-16.98892593,-41.64189148,45.35826662
5.603928917,-6.008041382,-16.7934742,-41.55845642,45.22413777
5.613874917,-6.176132202,-16.7562294,-41.76097107,45.41909882
5.623819917,-6.131347656,-16.77515793,-41.529953,45.20770226
5.633765917,-5.926940918,-16.59999466,-41.56556702,45.1484752
5.643711917,-6.080963135,-16.74583244,-41.77723694,45.41738151
5.653657917,-6.100631714,-16.75627136,-41.67304993,45.32806446
5.663603917,-5.956787109,-16.60647392,-41.72877502,45.30506543
5.673548917,-6.136184692,-16.45198441,-41.270401,44.8504911
5.683494917,-6.022003174,-16.50034142,-41.41441345,44.98532461
5.693440917,-6.10635376,-16.46685028,-41.51579285,45.07777468
5.703386917,-6.025848389,-16.83044815,-41.59254456,45.27156499
5.713332917,-5.917739868,-16.75529099,-41.22550964,44.89211586
5.723277917,-5.976226807,-16.89374352,-41.3419342,45.05851063
5.733223917,-5.952987671,-16.77221489,-41.16181946,44.84462772
5.743169917,-5.903610229,-16.58450699,-41.08781433,44.70018985
5.753115917,-5.850402832,-16.4889698,-40.96125793,44.54141881
5.763061917,-5.756210327,-16.44786072,-41.16725159,44.70356454
5.773006917,-5.690948486,-16.55692482,-41.31694031,44.87324604
5.782952917,-5.681381226,-16.72815895,-41.448349,45.05635393
5.792898917,-5.6587677,-16.68618202,-41.2646637,44.86895132
5.802844917,-5.78175354,-16.86391258,-41.14170837,44.83815774
5.812790917,-5.752426147,-16.43511963,-41.30049133,44.82113506
5.822736917,-5.807174683,-16.39549637,-41.24836731,44.76564961
5.832681917,-5.773086548,-17.09272194,-40.99162292,44.78619008
5.842627917,-6.076828003,-17.16705513,-41.3427887,45.17589841
5.852573917,-6.174331665,-16.94808197,-41.4974823,45.24821423
5.862519917,-6.174072266,-16.99937439,-41.52735901,45.29480593
5.872465917,-6.126083374,-17.00472641,-41.76783752,45.51089836
5.882410917,-6.480834961,-16.91620255,-41.78504944,45.54283134
5.892356917,-6.44303894,-17.12827873,-41.41465759,45.27763848
5.902302917,-6.450439453,-16.99012947,-41.36289978,45.17922251
5.912248917,-6.41897583,-17.0383358,-41.37031555,45.19968082
5.922194917,-6.812286377,-16.91050911,-41.23249817,45.0831617
5.932139917,-6.682769775,-16.88690948,-41.27049255,45.08969593
5.942085917,-6.710357666,-16.81120491,-41.48603821,45.26297468
5.952031917,-6.722518921,-17.00838089,-41.4629364,45.31724149
5.961977917,-6.644332886,-16.85554695,-41.32365417,45.12095984
5.971923917,-6.573623657,-16.71139145,-41.14558411,44.89367688
5.981868917,-6.50012207,-16.80538368,-41.39903259,45.1503312
5.991814917,-6.768341064,-16.5453167,-41.16725159,44.88095976
6.001760917,-7.110824585,-16.62335968,-41.33283997,45.11433888
6.011706917,-7.098083496,-16.79073143,-41.67356873,45.48623728
6.021652917,-6.92930603,-16.85305023,-41.19776917,45.04771657
6.031597917,-6.653549194,-16.72771072,-41.13374329,44.90067772
6.041543917,-6.562561035,-16.91057587,-41.13960266,44.96111309
6.051489917,-6.764022827,-16.84290504,-41.03282166,44.86789396
6.061435917,-6.527816772,-16.83306503,-40.91490173,44.7212886
6.071381917,-6.417327881,-16.9504509,-41.26417542,45.06919187
6.081326917,-6.590713501,-16.87918663,-41.42796326,45.21748097
6.091272917,-6.452011108,-16.81051254,-41.38859558,45.13576878
6.101218917,-6.471176147,-16.71407509,-41.70857239,45.39649147
6.111164917,-6.434494019,-16.80230522,-41.91648865,45.61482429
6.121110917,-6.517288208,-16.6292038,-41.65171814,45.31965455
6.131056917,-6.515808105,-16.80709839,-41.71702576,45.44496176
6.141001917,-6.538085938,-16.52849197,-41.48783875,45.13511248
6.150947917,-6.533355713,-16.55102348,-41.43104553,45.090494
6.160893917,-6.571182251,-16.4463768,-41.46461487,45.08855766
6.170839917,-6.439453125,-16.49792671,-41.70744324,45.31179718
6.180785917,-6.439453125,-16.49792671,-41.70744324,45.31179718
6.190730917,-6.65145874,-16.70868301,-41.3200531,45.06405197
6.200676917,-6.624343872,-17.11098099,-41.4153595,45.29789845
6.210622917,-6.610717773,-16.9050293,-41.41017151,45.21375797
6.220568917,-6.68421936,-16.59597778,-41.59468079,45.27938534
6.230514917,-6.6769104,-16.58241272,-41.36335754,45.06090203
6.240460375,-6.78578186,-16.50365639,-41.72254944,45.37828381
6.250406375,-6.786376953,-16.55742455,-41.50987244,45.20257437
6.260352375,-6.887557983,-16.60615158,-41.2842865,45.02882451
6.270298375,-6.799057007,-16.47806931,-41.71012878,45.35955012
6.280244375,-6.683853149,-16.4899292,-41.63090515,45.27387681
6.290189375,-6.667877197,-16.41286469,-41.46195984,45.08810073
6.300135375,-6.683624268,-16.54500008,-41.70314026,45.36033254
6.310081375,-6.525009155,-16.34789085,-41.44612122,45.02899337
6.320027375,-6.63633728,-16.38199043,-41.5231781,45.12853756
6.329973375,-6.572494507,-16.48310661,-41.77662659,45.3891729
6.339918375,-6.434936523,-16.21331024,-41.4214325,44.94457595
6.349864375,-6.423522949,-16.26788712,-41.67500305,45.19636797
6.359810375,-6.623550415,-16.24967957,-41.55915833,45.11194018
6.369756375,-6.719772339,-16.36614418,-41.76469421,45.35742165
6.379702375,-6.637054443,-16.00980949,-42.20988464,45.62936394
6.389647375,-6.585266113,-15.95145607,-41.84208679,45.26118544
6.399593375,-6.532546997,-16.21895981,-41.6960907,45.21385636
6.409539375,-6.783050537,-16.22402,-41.87379456,45.41633264
6.419485375,-6.353729248,-16.33551407,-41.66471863,45.2014123
6.429431375,-6.482543945,-16.13552284,-42.10682678,45.55615584
6.439376375,-6.866226196,-16.03847504,-41.84461975,45.33596746
6.449322375,-6.712814331,-16.0888176,-41.59922791,45.10440877
6.459268375,-6.819122314,-16.0368309,-41.45927429,44.97278954
6.469214375,-6.928878784,-16.14864922,-41.61256409,45.17071753
6.479160375,-6.923309326,-16.09122467,-41.82646179,45.34658344
6.489106375,-6.602355957,-15.9759388,-41.6723175,45.11544936
6.499051375,-6.559341431,-16.0682888,-41.51896667,45.00043843
6.508997375,-6.764022827,-16.21816444,-41.67692566,45.22993472
6.518943375,-6.669830322,-16.07853317,-41.2870636,44.80655628
6.528889375,-6.693161011,-16.22089386,-41.77165222,45.30768954
6.538834375,-6.50668335,-15.78872681,-41.53242493,44.9061593
6.548780375,-6.464279175,-15.98221588,-41.57530212,45.00804235
6.558726375,-6.495193481,-16.21146011,-41.47084045,44.99810646
6.568672375,-6.534927368,-16.21917725,-41.80970764,45.31907589
6.578618375,-6.626327515,-15.97878838,-41.88154602,45.31328493
6.588564375,-6.56137085,-15.8901329,-41.94194031,45.32851495
6.598509375,-6.71534729,-16.0828495,-42.44129944,45.88047336
6.608455375,-6.618438721,-16.07388306,-42.32832336,45.75871946
6.618401375,-6.57383728,-16.2813549,-42.02159119,45.54241957
6.628347375,-6.893890381,-15.99831772,-41.96318054,45.43545329
6.638293375,-6.703521729,-16.01046181,-41.98265076,45.42923129
6.648238375,-6.693359375,-16.2793293,-42.29627991,45.81258469
6.658184375,-6.848770142,-16.25612259,-42.31520081,45.84477498
6.668130375,-6.846633911,-16.02588272,-42.10203552,45.56628916
6.678076375,-6.744522095,-16.25379753,-41.8563385,45.40514932
6.688022375,-6.564071655,-16.2511158,-41.87739563,45.39715923
6.697967375,-6.660812378,-16.13306046,-42.06736755,45.54454385
6.707913375,-6.665863037,-16.26844025,-41.83058167,45.37503103
6.717859375,-6.83706665,-16.34500313,-42.17512512,45.74544553
6.727805375,-6.991287231,-16.46035385,-42.14967346,45.78663909
6.737751375,-7.134384155,-16.36740875,-42.11387634,45.74243202
6.747696375,-6.998168945,-16.38220787,-42.00285339,45.62445393
6.757642375,-7.035766602,-16.16204262,-42.07325745,45.61658279
6.767588375,-7.228164673,-16.0262661,-42.07984924,45.60483836
6.777534375,-6.815063477,-16.08286476,-42.10221863,45.58179947
6.787480375,-6.906524658,-16.06935692,-41.73365784,45.2506631
6.797425375,-6.726470947,-16.03756905,-42.08302307,45.53493014
6.807371375,-6.762954712,-16.26979637,-42.45140076,45.96265067
6.817317375,-6.878845215,-16.25158691,-42.3547821,45.88420377
6.827263375,-6.92086792,-16.18583107,-42.3506012,45.86341638
6.837209375,-6.860153198,-16.32655525,-42.29112244,45.84928729
6.847154375,-6.908462524,-16.29561996,-42.18443298,45.7471362
6.857100375,-7.160049438,-16.04308319,-42.05833435,45.58015264
6.867046375,-7.305618286,-15.83418083,-41.96327209,45.4423761
6.876992375,-7.282440186,-16.20212936,-42.46842957,46.03379672
6.886938375,-7.127807617,-16.001194,-42.06636047,45.56777956
6.896883375,-7.154953003,-16.03909492,-42.22349548,45.73040006
6.906829375,-7.206558228,-15.86680984,-42.1714325,45.63025153
6.916775375,-7.082275391,-15.92593002,-42.08802795,45.55431888
6.926721375,-7.044921875,-15.72844315,-41.73350525,45.15196904
6.936667375,-7.17779541,-15.933424,-41.5436554,45.06961339
6.946612375,-7.12272644,-15.95801163,-41.8150177,45.31983089
6.956558375,-7.294555664,-15.74422264,-41.74485779,45.2075684
6.966504375,-7.359283447,-15.95568657,-41.95869446,45.48928475
6.976450375,-7.36479187,-15.97376823,-42.27171326,45.78535981
6.986396375,-7.147109985,-15.882864,-41.98731995,45.45637014
6.996341375,-7.219543457,-16.01898575,-41.81803894,45.35943224
7.006287375,-7.419189453,-16.01112556,-42.2674408,45.80324296
7.016233375,-7.341415405,-16.05731201,-42.23857117,45.78024185
7.026179375,-7.239532471,-15.77547455,-42.04231262,45.48442017
7.036125375,-7.049331665,-15.9158287,-42.23750305,45.68384117
7.046070375,-6.934463501,-15.81289673,-42.71446228,46.07233199
7.056016375,-7.225814819,-15.99989128,-42.11921692,45.63153903
7.065962375,-7.104873657,-16.0914917,-41.70649719,45.26419383
7.075908375,-7.013565063,-15.98000908,-42.23161316,45.69529445
7.085854375,-7.001953125,-16.06649017,-41.90623474,45.42347371
7.095799375,-7.243148804,-16.02333641,-41.89717102,45.43768759
7.105745375,-7.149642944,-15.91770172,-42.02061462,45.49969973
7.115691375,-7.245864868,-15.72158241,-41.86021423,45.29843537
7.125637375,-7.413208008,-15.69490051,-41.81889343,45.27808966
7.135583375,-7.470230103,-16.15341949,-41.90440369,45.52709465
7.145529375,-7.109970093,-15.99932671,-41.97792053,45.48269937
7.155474375,-7.109970093,-15.99932671,-41.97792053,45.48269937
7.165420375,-7.0806427,-15.9118824,-42.03916931,45.50401366
7.175366375,-7.123016357,-16.03643608,-42.11076355,45.6204017
7.185312375,-7.201553345,-15.99705505,-42.10630798,45.6147927
7.195257375,-6.937042236,-15.86332512,-42.58790588,45.97278941
7.205203375,-6.943115234,-15.84669304,-42.25801086,45.66250115
7.215149375,-7.102798462,-15.84375,-41.99116516,45.43932341
7.225095375,-6.959579468,-15.90969658,-42.3474884,45.76968391
7.235041375,-7.132659912,-15.98396301,-41.99766541,45.49907483
7.24498775,-7.215911865,-16.06281281,-42.01036072,45.5516602
7.25493275,-6.969818115,-15.63500214,-41.80006409,45.16942566
7.26487875,-6.950119019,-15.8733387,-41.78904724,45.2392695
7.27482475,-7.067840576,-15.9736805,-42.03804016,45.522628
7.28477075,-7.039505005,-15.71306229,-41.85935974,45.262136
7.29471675,-6.91986084,-15.72789764,-42.16108704,45.52810669
7.30466175,-6.969192505,-15.71879005,-42.06114197,45.43995674
7.31460775,-6.889434814,-15.61355591,-42.08558655,45.41413916
7.32455375,-7.290237427,-15.56571388,-42.10417175,45.47747013
7.33449975,-7.345001221,-15.55283928,-41.82658386,45.22502593
7.34444575,-7.192398071,-15.48062325,-41.81681824,45.16665334
7.35439075,-7.301727295,-15.77237701,-41.54222107,45.03153594
7.36433675,-7.505233765,-15.64259338,-41.62165833,45.09303387
7.37428275,-7.178894043,-15.88781357,-41.45545959,44.9723723
7.38422875,-6.936798096,-15.83762741,-41.58805847,45.03905214
7.39417475,-7.065002441,-15.86907005,-41.92036438,45.37685086
7.40411975,-6.981170654,-15.69546127,-41.69456482,45.09457821
7.41406575,-6.859771729,-15.61092186,-41.88710022,45.22484399
7.42401175,-7.020706177,-15.61858368,-42.0617218,45.41386256
7.43395775,-7.027145386,-15.47228432,-42.11665344,45.41568949
7.44390375,-6.911026001,-15.51954651,-42.56446838,45.82960368
7.45384875,-7.111221313,-15.57110596,-41.96641541,45.32338062
7.46379475,-7.063262939,-15.47849655,-41.60438538,44.94884227
7.47374075,-7.006820679,-15.48847961,-41.72422791,45.05440856
7.48368675,-7.068695068,-15.42415428,-41.83119202,45.14110777
7.49363275,-7.035263062,-15.71921158,-42.00892639,45.40196511
7.50357775,-7.027633667,-15.73881721,-41.82707214,45.23938512
7.51352375,-6.798828125,-15.6469059,-41.77827454,45.12730827
7.52346975,-6.860092163,-15.51690292,-41.85935974,45.16681457
7.53341575,-6.926925659,-15.67679405,-41.42103577,44.82684882
7.54336175,-6.829833984,-15.60416794,-42.27687073,45.57927696
7.55330675,-6.851913452,-15.85289383,-42.14582825,45.54705039
7.56325275,-6.859909058,-15.82082176,-42.04576111,45.44450221
7.57319875,-6.83392334,-15.80366135,-41.81062317,45.21710329
7.58314475,-6.89125061,-15.58933067,-41.760849,45.1052666
7.59309075,-6.891464233,-16.03873062,-41.60490417,45.11874567
7.60303575,-7.05140686,-15.81070709,-41.7910614,45.23487162
7.61298175,-6.676864624,-15.98820877,-41.77531433,45.22588007
7.62292775,-6.880264282,-15.67720032,-41.7481842,45.12231744
7.63287375,-6.980636597,-15.57260513,-41.92512512,45.26534474
7.64281975,-7.134750366,-15.64791489,-42.40003967,45.75505729
7.65276475,-6.907791138,-15.55933762,-42.75312805,46.01782832
7.66271075,-7.003387451,-15.49051857,-42.46012878,45.73692313
7.67265675,-6.964904785,-15.29885101,-42.46586609,45.67181323
7.68260275,-6.834365845,-15.44486046,-42.32603455,45.57132291
7.69254875,-6.636398315,-15.64084435,-42.14311218,45.43918682
7.70249375,-6.639633179,-15.64788437,-42.17570496,45.47231138
7.71243975,-6.775009155,-15.66069412,-42.5214386,45.81736385
7.72238575,-6.696670532,-15.66831398,-42.47132874,45.76194078
7.73233175,-6.731384277,-15.62587929,-42.56819153,45.84245377
7.74227775,-6.844512939,-15.55233383,-42.43873596,45.71398861
7.75222275,-6.562850952,-15.56053734,-42.46488953,45.69976124
7.76216875,-6.502258301,-15.50915527,-42.04264832,45.28131555
7.77211475,-6.619720459,-15.14847183,-42.22242737,45.34346999
7.78206075,-6.491577148,-15.42243004,-42.13764954,45.33843216
7.79200675,-6.581817627,-15.48235703,-42.80607605,45.99330222
7.80195175,-6.365447998,-15.36495018,-42.00505066,45.17770361
7.81189775,-6.471939087,-15.38835335,-42.30403137,45.4787696
7.82184375,-6.441574097,-15.37944794,-42.19090271,45.36621614
7.83178975,-6.396636963,-15.26079941,-42.18684387,45.31598789
7.84173475,-6.615570068,-15.17729759,-42.53535461,45.64397574
7.85168075,-6.813720703,-15.44563293,-42.29246521,45.53731415
7.86162675,-6.516067505,-15.52495193,-42.60533142,45.81154367
7.87157275,-6.446762085,-15.30088997,-42.34519958,45.48399612
7.88151875,-6.897979736,-15.22031021,-42.05375671,45.25216482
7.89146375,-6.61088562,-15.26095009,-42.10850525,45.27390662
7.90140975,-6.436355591,-15.2623539,-41.93110657,45.08418589
7.91135575,-6.727630615,-15.2280407,-41.67964172,44.8814747
7.92130175,-6.580307007,-15.2637291,-41.8122406,44.99494783
7.93124775,-6.631912231,-15.26645279,-41.92497253,45.10820505
7.94119275,-6.586380005,-15.13549423,-42.21043396,45.32311025
7.95113875,-6.633010864,-15.3580761,-41.99003601,45.19989445
7.96108475,-6.273605347,-15.50532532,-42.35490417,45.53801868
7.97103075,-6.622619629,-15.44981003,-42.304245,45.52147697
7.98097675,-6.647109985,-15.17658806,-42.38310242,45.50648599
7.99092175,-6.638198853,-15.36120415,-42.35139465,45.53759882
8.00086775,-6.566146851,-15.32411575,-42.47251892,45.62737853
8.01081375,-6.808685303,-15.50524521,-42.5141449,45.76268503
8.02075975,-6.542327881,-15.74803352,-42.26679993,45.57724202
8.03070575,-6.629440308,-15.70067024,-42.20820618,45.51915194
8.04065075,-6.552093506,-15.60759163,-42.4304657,45.68228612
8.05059675,-6.325714111,-15.34567451,-42.38005066,45.51453701
8.06054275,-6.370910645,-15.53706551,-42.15498352,45.37655278
8.07048875,-6.245254517,-15.79742432,-42.42350769,45.69809431
8.08043475,-6.200531006,-15.61767387,-42.4601593,45.66424695
8.09038075,-6.065612793,-15.39519882,-42.47135925,45.58091884
8.10032575,-6.316314697,-15.25566483,-42.66319275,45.74690324
8.11027175,-6.305297852,-15.23532867,-42.19819641,45.30518515
8.12021775,-6.305297852,-15.23532867,-42.19819641,45.30518515
8.13016375,-6.064651489,-14.94140244,-42.28959656,45.25964518
8.14010875,-6.00944519,-14.97058678,-42.36634827,45.33364496
8.15005475,-6.038925171,-15.10102081,-42.16285706,45.19088362
8.16000075,-6.120666504,-14.97761345,-42.12608337,45.12647076
8.16994675,-6.372207642,-15.18475914,-42.36320496,45.45132643
8.17989275,-6.290100098,-15.22098732,-42.41880798,45.50383594
8.18983875,-6.097991943,-15.21554756,-42.13261414,45.20902086
8.19978375,-6.089263916,-15.42844391,-42.24003601,45.37991471
8.20972975,-5.975494385,-15.19320107,-42.08369446,45.13953069
8.21967575,-6.356063843,-15.30029297,-42.67549133,45.77877317
8.22962175,-6.250259399,-15.32637405,-42.21510315,45.34400091
8.23956675,-6.450057983,-15.1861248,-42.35224915,45.45255375
8.249512292,-6.017120361,-15.16104317,-41.78779602,44.85847594
8.259458292,-6.10446167,-14.90316582,-42.07658386,45.05338737
8.269404292,-6.040222168,-15.24546242,-41.96018982,45.05070408
8.279350292,-6.062072754,-15.49337196,-42.22712708,45.3863808
8.289295292,-6.100296021,-15.38587761,-42.24555969,45.37208564
8.299241292,-5.950195313,-15.37599182,-42.03977966,45.15715915
8.309187292,-5.978668213,-15.44695854,-42.24165344,45.37301276
8.319133292,-6.052215576,-15.38415146,-42.07154846,45.20305985
8.329079292,-5.998550415,-15.44952202,-42.02104187,45.17121094
8.339024292,-6.123184204,-15.50694466,-42.43470764,45.59235824
8.348970292,-6.027542114,-15.60889053,-42.4914093,45.66715003
8.358916292,-6.088394165,-15.85190201,-42.27513123,45.5580735
8.368862292,-5.711990356,-15.89795685,-42.27241516,45.52283986
8.378808292,-5.598342896,-15.99940681,-42.09992981,45.38421038
8.388753292,-5.80758667,-15.76667976,-42.36003113,45.57069772
8.398699292,-5.689971924,-15.73492622,-42.19154358,45.3882147
8.408645292,-5.660247803,-15.83031082,-41.99147034,45.23185522
8.418591292,-5.944244385,-15.651474,-42.09101868,45.29852683
8.428537292,-5.973831177,-15.74594307,-41.71879578,44.98976887
8.438482292,-5.926971436,-15.57353783,-41.90486145,45.09635777
8.448428292,-5.664031982,-15.63041878,-41.75175476,44.93996301
8.458374292,-5.871246338,-15.8180542,-41.64860535,44.9364963
8.468320292,-5.90397644,-15.66470909,-41.55979919,44.80465331
8.478266292,-6.013183594,-15.65599632,-41.83351135,45.07007067
8.488211292,-5.885894775,-15.57996559,-42.03108215,45.21051816
8.498157292,-5.767379761,-15.49577713,-41.88264465,45.02818785
8.508103292,-5.697402954,-15.28404045,-41.80696106,44.87632211
8.518049292,-5.600036621,-15.14742088,-42.01747131,45.0141385
8.527995292,-5.456512451,-15.28455734,-42.06248474,45.0848516
8.537940292,-5.727966309,-15.18694115,-41.8144989,44.8542651
8.547886292,-5.723587036,-15.10228539,-41.91664124,44.92041056
8.557832292,-5.637084961,-15.16476631,-41.95811462,44.96921444
8.567778292,-5.449432373,-14.83984184,-42.09608459,44.96662715
8.577724292,-5.458618164,-14.692873,-42.08274841,44.90695651
8.587669292,-5.37272644,-14.70789528,-42.24708557,45.05557249
8.597615292,-5.500152588,-14.66690254,-42.08430481,44.90499326
8.607561292,-5.675918579,-14.92428207,-41.98536682,44.91905246
8.617507292,-5.714019775,-14.9600811,-42.27284241,45.20450479
8.627453292,-5.512908936,-15.10150146,-42.23387146,45.19012514
8.637398292,-5.53755188,-14.9805336,-42.47749329,45.38081427
8.647344292,-5.662780762,-14.78084755,-42.38777161,45.24669847
8.657290292,-5.603927612,-15.02624512,-42.27244568,45.21229601
8.667236292,-5.569290161,-14.93063545,-42.12916565,45.04228531
8.677181292,-5.473190308,-14.9101696,-42.59288025,45.4579192
8.687127292,-5.543457031,-14.99159622,-42.26914978,45.19025223
8.697073292,-5.510574341,-15.02628708,-42.4098053,45.32932074
8.707019292,-5.434356689,-15.14755821,-42.64234924,45.57796289
8.716965292,-5.722869873,-15.03529739,-42.73774719,45.66537466
8.726910292,-6.045562744,-15.09416771,-42.66520691,45.65854365
8.736856292,-6.000701904,-15.09827042,-42.48768616,45.48812667
8.746802292,-5.904846191,-15.11538696,-42.55342102,45.54268077
8.756748292,-5.972015381,-15.19347191,-42.47038269,45.49988969
8.766694292,-5.72618103,-15.1122551,-42.13853455,45.13120314
8.776639292,-5.872299194,-14.89414787,-42.19410706,45.12939407
8.786585292,-5.800827026,-15.01511192,-42.34202576,45.29845831
8.796531292,-5.742279053,-15.25709534,-42.51979065,45.53773516
8.806477292,-5.814422607,-15.02900887,-42.36354065,45.32491803
8.816423292,-5.700942993,-14.75415611,-42.42060852,45.27354526
8.826368292,-5.779876709,-14.9337883,-42.4460907,45.3662388
8.836314292,-5.868896484,-14.92935181,-42.68864441,45.6031781
8.846260292,-5.993499756,-15.09754753,-42.89253235,45.86531709
8.856206292,-5.687484741,-14.8408947,-42.29896545,45.18630453
8.866152292,-5.794082642,-14.95789719,-42.00093079,44.95985174
8.876097292,-5.492660522,-14.72751045,-42.43504333,45.25264397
8.886043292,-5.742416382,-14.68227577,-42.16517639,45.01607122
8.895989292,-5.420333862,-14.87468719,-42.10270691,44.98082111
8.905935292,-5.545578003,-15.04032326,-42.40370178,45.3325345
8.915881292,-5.895462036,-14.71157265,-42.37379456,45.24074831
8.925826292,-5.997161865,-14.86444664,-42.36341858,45.29433693
8.935772292,-5.700164795,-14.77757645,-42.37120056,45.23480166
8.945718292,-5.639389038,-14.77970505,-42.08631897,44.96110135
8.955664292,-5.615402222,-14.82491302,-42.19328308,45.07309536
8.965610292,-5.478668213,-14.86194801,-42.48765564,45.34417477
8.975555292,-5.431381226,-14.91856575,-42.16407776,45.05411146
8.985501292,-5.726196289,-15.11756516,-42.31440735,45.29723137
8.995447292,-5.640167236,-15.00787544,-42.66716003,45.57997759
9.005393292,-5.521789551,-14.88287735,-42.21250916,45.09862667
9.015338292,-5.658843994,-14.7978096,-42.24330139,45.11645151
9.025284292,-5.730834961,-14.84021759,-42.32258606,45.21366849
9.035230292,-5.790802002,-15.07650185,-42.21192932,45.1960316
9.045176292,-5.816268921,-14.66826057,-42.48747253,45.32297623
9.055122292,-6.029769897,-14.73625755,-42.49879456,45.38350967
9.065067292,-5.893539429,-14.96716309,-42.38737488,45.33695322
9.075013292,-5.893539429,-14.96716309,-42.38737488,45.33695322
9.084959292,-5.945007324,-15.15728951,-42.58378601,45.59018939
9.094905292,-6.041412354,-14.87004662,-43.0068512,45.90431569
9.104851292,-5.714111328,-15.0713253,-42.58247375,45.53090144
9.114796292,-5.729995728,-15.14088058,-42.1743927,45.17475529
9.124742292,-5.653152466,-15.20063019,-42.59455872,45.57755723
9.134688292,-5.474624634,-15.14442062,-42.42170715,45.37539233
9.144634292,-5.380630493,-14.98855591,-42.47468567,45.36195449
9.154580292,-5.514328003,-15.0700798,-42.40202332,45.33703453
9.164525292,-5.375320435,-15.13939095,-42.70506287,45.62693966
9.174471292,-5.44291687,-14.96727943,-42.24891663,45.1510327
9.184417292,-5.669754028,-15.08145714,-42.06056213,45.04095189
9.194363292,-5.755615234,-15.20666313,-42.28343201,45.30185794
9.204309292,-5.911895752,-15.24038696,-42.39393616,45.43639212
9.214254292,-5.516021729,-15.2663269,-42.3646698,45.36796756
9.224200292,-5.389282227,-15.1647892,-42.00132751,44.97918082
9.234146292,-5.684738159,-15.19499969,-41.90126038,44.93239238
9.244092792,-5.700439453,-15.11331177,-41.89500427,44.90098647
9.254037792,-5.750411987,-15.00868416,-41.69871521,44.68904439
9.263983792,-5.738388062,-15.1262188,-41.79545593,44.81731506
9.273929792,-5.78137207,-15.09018898,-41.96025085,44.96443837
9.283875792,-5.652694702,-15.08455276,-42.11613464,45.09174522
9.293821792,-5.561737061,-14.99789047,-42.09458923,45.03136774
9.303766792,-5.500930786,-15.23560333,-42.19020081,45.19288542
9.313712792,-5.314361572,-15.34107018,-42.53797913,45.53098441
9.323658792,-5.490966797,-15.49388123,-42.43101501,45.50386914
9.333604792,-5.395401001,-15.43226242,-42.08732605,45.15094782
9.343550792,-5.632141113,-15.33182907,-42.22825623,45.27705401
9.353495792,-5.762298584,-15.21471596,-42.32542419,45.34460497
9.363441792,-5.643768311,-15.13650894,-42.32432556,45.3024785
9.373387792,-5.94543457,-15.121521,-42.10038757,45.12705644
9.383333792,-5.431930542,-15.34038925,-42.11817932,45.15278996
9.393279792,-5.291351318,-15.27822876,-42.12339783,45.11987719
9.403224792,-5.385055542,-15.23758125,-42.49900818,45.46810313
9.413170792,-5.481658936,-15.153759,-42.75294495,45.68915953
9.423116792,-5.757644653,-15.20646667,-42.3122406,45.32894004
9.433062792,-5.788650513,-15.29863358,-42.34596252,45.39534344
9.443007792,-5.746688843,-15.11372757,-42.41044617,45.38827093
9.452953792,-5.772399902,-15.12308311,-42.53041077,45.50674767
9.462899792,-5.967926025,-15.3449707,-42.43641663,45.51849869
9.472845792,-6.051055908,-15.54846954,-42.31040955,45.48121523
9.482791792,-6.090744019,-15.4672184,-42.09336853,45.25686337
9.492736792,-6.224807739,-15.3921566,-42.33641052,45.4756899
9.502682792,-6.16583252,-15.37684059,-42.33638,45.46244372
9.512628792,-6.080596924,-15.27387619,-42.39686584,45.47262018
9.522574792,-5.747817993,-15.13541222,-42.19447327,45.1939342
9.532520792,-6.066085815,-15.45062065,-42.11488342,45.26789681
9.542465792,-5.994232178,-15.30899048,-42.3502655,45.4295168
9.552411792,-5.831741333,-15.30506325,-42.00450134,45.08472359
9.562357792,-5.81854248,-15.23019791,-42.45304871,45.47610042
9.572303792,-5.76083374,-15.02829552,-42.33644104,45.29250613
9.582249792,-5.849609375,-15.23985672,-42.13490295,45.18651579
9.592194792,-6.037719727,-15.18426132,-42.24388123,45.29416466
9.602140792,-6.157821655,-15.07253075,-42.34324646,45.36574116
9.612086792,-5.934692383,-15.13471794,-42.38853455,45.39898811
9.622032792,-6.161437988,-15.29287338,-42.72816467,45.79881386
9.631978792,-5.909133911,-15.22372627,-42.38233948,45.41962577
9.641923792,-6.060287476,-15.35512352,-42.45195007,45.54860006
9.651869792,-6.004104614,-15.1349144,-42.68766785,45.68754636
9.661815792,-5.964233398,-15.19758797,-42.31144714,45.35192741
9.671761792,-5.973495483,-15.02989769,-42.27204895,45.26043079
9.681706792,-6.06048584,-15.06999016,-42.24803162,45.26290167
9.691652792,-6.066879272,-15.15647125,-42.48149109,45.51046836
9.701598792,-6.017318726,-15.17255783,-42.27082825,45.31266442
9.711544792,-5.986022949,-15.06384087,-42.40602112,45.39848455
9.721490792,-6.057952881,-15.0484314,-41.95826721,44.98500048
9.731436792,-5.905914307,-14.95834351,-42.02555847,44.99754915
9.741381792,-5.803161621,-15.06921959,-41.97584534,44.97476688
9.751327792,-5.967102051,-15.08132362,-42.01133728,45.0333775
9.761273792,-5.933700562,-15.01817131,-42.06053162,45.05377444
9.771219792,-5.969284058,-15.07162094,-42.27397156,45.27554286
9.781164792,-6.100860596,-15.23337936,-42.5539093,45.60823987
9.791110792,-6.192901611,-15.19086647,-42.67192078,45.71659739
9.801056792,-6.114578247,-15.06768608,-42.44752502,45.45564444
9.811002792,-5.959823608,-14.90897179,-42.29743958,45.24235109
9.820948792,-6.016540527,-14.88983536,-42.47819519,45.41258662
9.830893792,-6.073379517,-14.90367699,-42.47462463,45.42135251
9.840839792,-6.165847778,-14.85178185,-42.4299469,45.37503164
9.850785792,-6.333862305,-14.79674149,-42.38414001,45.33736533
9.860731792,-6.076019287,-14.91543198,-42.21525574,45.18313777
9.870676792,-6.373092651,-15.25911713,-42.17955017,45.30531335
9.880622792,-6.267868042,-15.07561684,-42.3837738,45.41965075
9.890568792,-6.257141113,-15.12679863,-42.48960876,45.53392916
9.900514792,-6.155563354,-15.06276894,-42.37593079,45.39270292
9.910460792,-5.83984375,-14.84267616,-42.08555603,45.00669769
9.920405792,-6.055343628,-14.93050194,-42.28153992,45.24727276
9.930351792,-6.071517944,-15.08065033,-42.34870911,45.36190591
9.940297792,-6.08380127,-15.18169785,-42.22407532,45.2810018
9.950243792,-6.037719727,-15.237463,-42.27085876,45.33717943
9.960189792,-5.858840942,-15.23661041,-42.37174988,45.40754895
9.970134792,-6.04888916,-15.41373062,-42.53739929,45.64649483
9.980080792,-6.195541382,-15.10832214,-42.31800842,45.35923244
9.990026792,-6.141036987,-15.02002525,-42.33378601,45.33721354
9.999972792,-6.086227417,-15.13901901,-42.52754211,45.5502349